title,first_publish_year,author_name,language
Arf and the Metal Detector (Comix),2001,Philip Wooderson,
Mr Bear 6,2001,Debi Gliori,
Lietuviškieji kontrafakciniai leidiniai 1865-1904 m.,2004,"Birutė Butkevičienė, Izabelė Černiauskienė",lit
Brought to You by . . . Sesame Street #1! (Brought to You By... Sesame Street!),2004,Random House,eng
Cheating at Canasta,2007,William Trevor,eng
Every now and then,2008,Karen Kingsbury,"eng, dut"
"Landscape Gardening - Notes and Suggestions on Lawns and Lawn Planting-Laying Out and Arrangement of Country Places, Large and Small Parks, Cemetery P",2009,Samuel Parsons,eng
I Am a Peach Little Book 6-pack,2010,McGraw Hill,
Gilbert and Sullivan ROCK!,2013,"W. S. Gilbert, Arthur Sullivan, Mark Cabaniss, Alan Billingsley",eng
Lydia's hope,2013,Marta Perry,eng
Lacan,2014,Colette Soler,eng
"Light Is All Around You LetsReadAndFindOut Science Stage 2 Paperback",2014,Wendy Pfeffer,eng
 Malta's Greater Siege,2015,Paul McDonald,eng
Jameson Hotel Book 2,2015,Aven Jayce,eng
Bedtime Book with No Story,2016,Michael Mason,eng
Butterfly Coloring Books Vol. 1 for Relaxation Meditation Blessing,2016,Melissa Kelly,eng
Books for Kids to Enjoy Reading,2016,Hugo de Medeiros,eng
Quest Chasers,2017,"Thomas Lockhaven, Grace Lockhaven",eng
Elton John Coloring Book,2017,Liz King,eng
Hairdresser Appointment Book,2018,Moito Publishing,eng
Alphabet Sequences,2018,Do-Me Workbook,eng
Volleyball Stay Low Go Fast Kill First Die Last One Shot One Kill Not Luck All Skill Stefan,2019,Shelly James,eng
Handwriting Practice 120 Page Mermaid Pals Book Evan,2019,Lacy Pisces,eng
Psalm 149 : 3,2019,Engy Publishing,eng
"Color the Renaissance Goddess Paintings, Classic Art History Masterworks by Sandro Botticelli, Michelangelo and Leonardo Da Vinci",2020,I. Bella,eng
Rick and Morty Coloring Book,2020,Sammy Price,eng
Christmas Word Search Puzzle Book for Kids Ages 6-12,2021,Dot Pixel Press,eng
Blood Pressure Log Book - Eat Sleep Repeat Massage Physical Therapist Humor Print Graphic,2021,Boris Gallagher,eng
Black Woman's Coffee Table Book,2021,Kayla Nixon,eng
Cute Cat Coloring Book,2021,Skyprinttee store,eng
Space Coloring Book for Kids,2021,JPJ. F JPJ.F Publishing,eng
Big Sister Hadlee,2022,Paisley Simonds,eng
Cat,2022,khalid coloring,eng
Farscape Omnibus Book Two,2025,"Rockne S. O'Bannon, Ramón K. Pérez, Will Sliney",eng
